scenario,n,method,bias,se,sd,cov,corr,nrmse,skip,used,n_seeds
A,500,ridge,0.02932019931685137,0.2243230052663171,0.37915721267227925,0.9617486338797814,0.4497518445321054,0.9435895561072283,17,183,200
A,500,rf_tuned,0.02659875223706698,0.24241302009345708,0.3025329911938794,0.9513513513513514,0.4287099438102265,0.9136626017936728,15,185,200
A,500,tnet,-0.029319014007929578,0.21216777810563703,0.2872629594374683,0.9333333333333333,0.43284723014130344,1.2561721810215518,80,120,200
A,500,tarnet,-0.0024858181024527415,0.21243656774275968,0.3483973127851914,0.9272727272727272,0.4729821494967588,1.1827407019274638,35,165,200
A,500,bk,0.2989554582018686,,,0.0,,,,,200
A,1000,ridge,-0.008840909337096026,0.1331852212645897,0.21497685239584496,0.9639175257731959,0.5165320550418042,0.8600678282583842,6,194,200
A,1000,rf_tuned,-0.003097378244164062,0.14238333067073727,0.16073180251371977,0.9797979797979798,0.5025928550293309,0.8643081458001134,2,198,200
A,1000,tnet,-0.012897356627945777,0.12673349290440278,0.10846627283188263,1.0,0.4629234643990716,1.4022852766596197,185,15,200
A,1000,tarnet,-0.011374031190463346,0.0918804419475526,0.09356001565106721,0.955,0.7632971251302613,0.6671393796065113,0,200,200
A,1000,bk,0.30211363243378847,,,0.0,,,,,200
A,2000,ridge,0.008293368435184245,0.08409254424671478,0.11259530711517436,0.9698492462311558,0.5617785677602004,0.8130833950562826,1,199,200
A,2000,rf_tuned,0.016781435306099934,0.08673301631854866,0.0939266421294546,0.955,0.5609447981822365,0.8230228120150304,0,200,200
A,2000,tnet,0.004152275257797433,0.07834856785213848,0.0770306587846123,0.96,0.6092087135348234,1.069933874133106,0,200,200
A,2000,tarnet,0.007819101475766477,0.05903182037719121,0.06200316619066641,0.945,0.8153862794778952,0.579715272734186,0,200,200
A,2000,bk,0.3032944447673224,,,0.0,,,,,200
A,5000,ridge,-0.0076739260792325625,0.04962240162862244,0.08015943008586869,0.935,0.5921872765510292,0.7834703809530378,0,200,200
A,5000,rf_tuned,2.449471549259563e-06,0.0486937428830495,0.055419972055555634,0.935,0.623296644684264,0.7771992963349722,0,200,200
A,5000,tnet,0.0014046742571402482,0.0425344662339104,0.04638655966943735,0.945,0.7191969296524205,0.8605232391350464,0,200,200
A,5000,tarnet,0.004376367652169311,0.033124536781369104,0.032545825481145436,0.96,0.915407002631675,0.4034894056462268,0,200,200
A,5000,bk,0.3028677682393836,,,0.0,,,,,200
A,10000,ridge,-0.0031533648334819975,0.034619451589976084,0.04094284479852436,0.975,0.6046900774193128,0.7728583015004576,0,200,200
A,10000,rf_tuned,-0.0029053520645484776,0.03247456209037084,0.03235531001612326,0.95,0.6638859337082778,0.7451059349874402,0,200,200
A,10000,tnet,-0.0007275550430892175,0.024376620207708338,0.02469090669955886,0.95,0.8802181769114347,0.4983636410137868,0,200,200
A,10000,tarnet,-0.0008587758960581504,0.02289999813795556,0.022822999803797032,0.96,0.9367836124505863,0.3508826468243008,0,200,200
A,10000,bk,0.30176114953948435,,,0.0,,,,,200
B,500,ridge,0.014311137736377821,0.12508805055548106,0.21958471691241335,0.9473684210526315,0.49663043787820416,0.8770568527311673,10,190,200
B,500,rf_tuned,0.0006450410009454233,0.12945466443542786,0.1861851486564853,0.9438775510204082,0.47888319647414757,0.873492531281104,4,196,200
B,500,tnet,-0.001089267625742768,0.1172792513598028,0.19212135643847852,0.9242424242424242,0.5302803399010313,1.0052727280833784,2,198,200
B,500,tarnet,0.004109849559719492,0.10603006802743972,0.13653680256223427,0.925,0.5946536217349248,0.9266755990098535,0,200,200
B,500,bk,0.2710770321171546,,,0.0,,,,,200
B,1000,ridge,0.00032711319885758705,0.07868485931660317,0.11052570912450467,0.9540816326530612,0.5498827753173444,0.8217742811519781,4,196,200
B,1000,rf_tuned,-0.003558261942086721,0.08094374571531765,0.08554277124452064,0.965,0.5502056015370678,0.8297619086059161,0,200,200
B,1000,tnet,-0.004080992546699441,0.0739125493999714,0.07667680968411822,0.935,0.5937786093964768,1.0355006418598651,0,200,200
B,1000,tarnet,-0.003161570642119055,0.05276904791784888,0.053568271678226476,0.94,0.8342768959849205,0.5578500886018061,0,200,200
B,1000,bk,0.27238082633594346,,,0.0,,,,,200
B,2000,ridge,0.003890549454663106,0.051132330995474956,0.06410350206237335,0.97,0.5817548493470066,0.7922173629354131,0,200,200
B,2000,rf_tuned,0.006275447533239831,0.0507022431966095,0.05200295057253168,0.955,0.6044202348359008,0.7921448280059462,0,200,200
B,2000,tnet,-0.000362180614375901,0.040267260213032494,0.038749038701564174,0.97,0.7527595161988249,0.7473040537156704,0,200,200
B,2000,tarnet,0.0008497773015734289,0.035161740198122925,0.03596263579958967,0.945,0.8638983877888736,0.5012552491084752,0,200,200
B,2000,bk,0.2720210025326257,,,0.0,,,,,200
B,5000,ridge,-0.004425541869602284,0.03058535256399062,0.04847936095147888,0.93,0.6021285675737037,0.7744812186778357,0,200,200
B,5000,rf_tuned,-0.0012867578464965668,0.02898255724235355,0.032746325746154034,0.92,0.6631700753440319,0.7483299250013351,0,200,200
B,5000,tnet,0.0003554894391397112,0.022352413981055794,0.023259828638181018,0.945,0.8539691540576456,0.5657217745187918,0,200,200
B,5000,tarnet,0.0018070651068773924,0.020184736529975583,0.019510801952961964,0.955,0.9453142022938874,0.326193511569798,0,200,200
B,5000,bk,0.2712848322268854,,,0.0,,,,,200
B,10000,ridge,-0.0026648190002228345,0.021509355945572475,0.02484832355035424,0.99,0.6100848477679108,0.7682548459283319,0,200,200
B,10000,rf_tuned,-0.002139181579092375,0.01933000229717917,0.01952337313872633,0.955,0.6991991168208298,0.7186462837700313,0,200,200
B,10000,tnet,-4.0158262390094235e-05,0.014202410329358765,0.014291616780532899,0.955,0.9518059715409943,0.3086363979970116,0,200,200
B,10000,tarnet,-0.0005804655285154836,0.014113073004332094,0.014176379345518809,0.96,0.9572167933327177,0.289092869471528,0,200,200
B,10000,bk,0.2727984847820529,,,0.0,,,,,200
C,500,ridge,0.030725579404928205,0.22647307633795072,0.3728026373401102,0.9560439560439561,0.4497518445321054,0.9435895561072283,18,182,200
C,500,rf_tuned,0.01102764089141739,0.2438958195189299,0.2872475235420932,0.9456521739130435,0.4287099438102265,0.9136626017936728,16,184,200
C,500,tnet,-0.025208874367246614,0.21659470420035853,0.26177604394209636,0.9504132231404959,0.4328472301836371,1.256172181049109,79,121,200
C,500,tarnet,0.013294413947467165,0.2214583787905697,0.3339904636123508,0.9345238095238095,0.4729821494967588,1.1827407019274638,32,168,200
C,500,bk,0.30138876421911853,,,0.0,,,,,200
C,1000,ridge,0.0006685464645249661,0.13696969230067385,0.21161373161300465,0.9742268041237113,0.5165320550418042,0.8600678282583842,6,194,200
C,1000,rf_tuned,0.014059435908420514,0.14257012729121593,0.16067486259977148,0.9797979797979798,0.5025928550293309,0.8643081458001134,2,198,200
C,1000,tnet,0.0008985864633010987,0.12882262921051785,0.09025612807449422,1.0,0.46292346502317044,1.4022852781305672,185,15,200
C,1000,tarnet,-0.00922027285668478,0.09420602934891759,0.09248803876314132,0.975,0.7632971251137269,0.6671393796160132,0,200,200
C,1000,bk,0.30440890064533194,,,0.0,,,,,200
C,2000,ridge,0.009668965406605223,0.08668942321572548,0.11544222716663322,0.9698492462311558,0.5617785677602004,0.8130833950562826,1,199,200
C,2000,rf_tuned,0.013035066503111259,0.08719716406833858,0.08916110915903615,0.975,0.5609447981822365,0.8230228120150304,0,200,200
C,2000,tnet,0.008721858723375664,0.08027559621244443,0.07519326786146094,0.965,0.6092087136034401,1.0699338745866926,0,200,200
C,2000,tarnet,0.006561709170112728,0.061030632576798596,0.060428171476921734,0.955,0.8153862794778952,0.579715272734186,0,200,200
C,2000,bk,0.2989152517242982,,,0.0,,,,,200
C,5000,ridge,-0.0022015353959612127,0.050779906433245765,0.07824379802196231,0.955,0.5921872765510292,0.7834703809530378,0,200,200
C,5000,rf_tuned,-0.002629519207247688,0.04981612621864689,0.05606154595910185,0.945,0.623296644684264,0.7771992963349722,0,200,200
C,5000,tnet,0.0025035944075612604,0.04322218283078713,0.04516240789866665,0.965,0.7191969290818565,0.8605232412253847,0,200,200
C,5000,tarnet,0.002588186954917693,0.034228861750770834,0.03310523808205645,0.96,0.9154077439395978,0.4034774885541218,0,200,200
C,5000,bk,0.3040179054939351,,,0.0,,,,,200
C,10000,ridge,-0.006258461119951153,0.03528106051711834,0.04026902130090454,0.98,0.6046900774193128,0.7728583015004576,0,200,200
C,10000,rf_tuned,-0.0024256193207208565,0.03293911274669142,0.030698215963568434,0.965,0.6638511961613887,0.7451250390577008,0,200,200
C,10000,tnet,-0.00021951476031534245,0.025120790907689067,0.024838664886914663,0.96,0.8802181746440084,0.4983636461389333,0,200,200
C,10000,tarnet,3.178414477389424e-06,0.023686795791342738,0.022828527029061157,0.95,0.9367836124505863,0.3508826468243007,0,200,200
C,10000,bk,0.3006247746138964,,,0.0,,,,,200
D,500,ridge,0.179461789095396,0.23371079456635513,0.3650248597072657,0.8735632183908046,0.43164861434601276,0.9716769092801844,26,174,200
D,500,rf_tuned,0.17445196110303707,0.24780477827496572,0.3126408584188226,0.8728323699421965,0.4106231086494958,0.9315334418712508,27,173,200
D,500,tnet,0.08546078125313139,0.23597304312097978,0.2668888429403889,0.9193548387096774,0.4018348174136081,1.3577384480351742,138,62,200
D,500,tarnet,0.1284083044311471,0.22119109007600973,0.24228399894609837,0.90625,0.43678821342897095,1.2922236076809606,104,96,200
D,500,bk,0.382076783987914,,,0.0,,,,,200
D,1000,ridge,0.1402076648330043,0.1467147854975433,0.23202021285072671,0.8071065989847716,0.5044032396622754,0.8768456609734969,3,197,200
D,1000,rf_tuned,0.15400570714919165,0.15442009331552603,0.17628386669532886,0.8163265306122449,0.4849754154975041,0.8796022590485739,4,196,200
D,1000,tnet,nan,nan,nan,nan,0.4228723961914172,1.5525032658402613,200,0,200
D,1000,tarnet,0.15104205677020172,0.10430110875620467,0.10031786850627253,0.705,0.7301274168256517,0.7166808887696677,0,200,200
D,1000,bk,0.385490980133413,,,0.0,,,,,200
D,2000,ridge,0.15978065786742524,0.09261296243977904,0.11521826829516148,0.5685279187817259,0.553790050669582,0.8222494411783764,3,197,200
D,2000,rf_tuned,0.16129154729583306,0.09523390050603198,0.09760801693847927,0.54,0.5453504278564707,0.8355987731890465,0,200,200
D,2000,tnet,0.16330656008126798,0.09125559099982444,0.09167836635930868,0.5647668393782384,0.5587681330950255,1.2040030473219803,7,193,200
D,2000,tarnet,0.1503552175234127,0.06656340133204229,0.07058530590197638,0.34,0.7953484561365568,0.6079420013342527,0,200,200
D,2000,bk,0.38613861253356513,,,0.0,,,,,200
D,5000,ridge,0.1567978217925517,0.05401470284257763,0.07702888025529209,0.275,0.5880994507569167,0.7875365852598024,0,200,200
D,5000,rf_tuned,0.15572109336908535,0.052912631596358325,0.05894668185041263,0.24,0.6089493919835985,0.7883519771508074,0,200,200
D,5000,tnet,0.15721675397776214,0.04831655623125383,0.05374558387138771,0.145,0.6696887553105628,0.9749106788561384,0,200,200
D,5000,tarnet,0.1621653073954375,0.03654628995043557,0.038126181969161545,0.02,0.9030188136764755,0.430611998776952,0,200,200
D,5000,bk,0.3856213686069628,,,0.0,,,,,200
D,10000,ridge,0.15255478848575393,0.037784154384397486,0.0490973909278639,0.09,0.6023425992903945,0.7750069760733723,0,200,200
D,10000,rf_tuned,0.16154112822009964,0.03533961064727492,0.03604208777740328,0.0,0.650852669639129,0.7550726105605372,0,200,200
D,10000,tnet,0.15847466883690398,0.027448315576746554,0.02899175729272141,0.0,0.8429603284972729,0.5796735358492985,0,200,200
D,10000,tarnet,0.15906587627319457,0.02521767929450125,0.02687086842767079,0.0,0.9271165018696723,0.37584303730453184,0,200,200
D,10000,bk,0.38444979950839236,,,0.0,,,,,200
E,500,ridge,-0.003550891767371417,0.125126013710301,0.1268721190798096,0.955,0.8128423426204751,0.6370395289764667,0,200,200
E,500,rf_tuned,0.008254557981289379,0.16270159439153173,0.16988505303068946,0.9690721649484536,0.6268805738030467,0.7889890150911069,6,194,200
E,500,tnet,-0.027370826492438716,0.15119054602457097,0.1950783069236499,0.9390862944162437,0.6542559545321802,1.0536251181400995,3,197,200
E,500,tarnet,-0.016675926960744103,0.14322538470233095,0.1554669128378151,0.9547738693467337,0.7128149796395802,0.9028328797456798,1,199,200
E,500,bk,0.3143566121661833,,,0.0,,,,,200
E,1000,ridge,0.0013077534750055575,0.08006855011191655,0.07918154169043413,0.965,0.8743449869135873,0.5073108873972734,0,200,200
E,1000,rf_tuned,-0.008404606069821408,0.10407383106415588,0.09982371660964516,0.96,0.6846652147827953,0.7340862469810092,0,200,200
E,1000,tnet,0.006101600382906025,0.11257742794646527,0.11836296031221287,0.9397590361445783,0.6041169711979636,1.24271755089748,34,166,200
E,1000,tarnet,-0.002426935801053881,0.07855829179461593,0.07528462821146642,0.96,0.8985052444525711,0.45649357448016015,0,200,200
E,1000,bk,0.3177043714809398,,,0.0,,,,,200
E,2000,ridge,0.0032324527391804914,0.05329452948463515,0.05294780406804149,0.945,0.9055374006854763,0.42949904632764413,0,200,200
E,2000,rf_tuned,0.008036485034498442,0.06713119306614838,0.06739006615903552,0.96,0.7238550075534955,0.6920657641525619,0,200,200
E,2000,tnet,0.0032466745915547546,0.06661658299300634,0.06471752551233875,0.955,0.7270382596156213,0.9076218720155973,0,200,200
E,2000,tarnet,0.0018913269153755241,0.05160739391066217,0.0517860601891798,0.95,0.9247793377412392,0.38564384469781593,0,200,200
E,2000,bk,0.3179483059906769,,,0.0,,,,,200
E,5000,ridge,-0.0038901155063606196,0.03300110576326569,0.03549792883583228,0.93,0.9252004080780548,0.3755472119815504,0,200,200
E,5000,rf_tuned,-0.0030147662933273367,0.03994201273280845,0.04358181328067835,0.945,0.7660213258120223,0.6443196106623786,0,200,200
E,5000,tnet,-0.0016923534221399694,0.03856379205293227,0.042731185858816474,0.94,0.7919055258847376,0.7457973475040783,0,200,200
E,5000,tarnet,-0.001330098630001303,0.03181431551680751,0.033423346351876555,0.93,0.9600103459117151,0.2835588848603937,0,200,200
E,5000,bk,0.31619487598313994,,,0.0,,,,,200
E,10000,ridge,-0.0031277841771783776,0.023068365186394824,0.02180862339708828,0.975,0.9322071866775028,0.3552782005366919,0,200,200
E,10000,rf_tuned,-0.002469723177960431,0.02690126753400005,0.02511557850926005,0.955,0.7972993772823267,0.6066948706590627,0,200,200
E,10000,tnet,-0.003388732526246635,0.022968320451595893,0.021916175215526617,0.955,0.9290883024521722,0.38801824575469596,0,200,200
E,10000,tarnet,-0.0014298336182286264,0.022038508698536526,0.020771623304739795,0.965,0.9697387792889279,0.24677277067877626,0,200,200
E,10000,bk,0.31579059280928656,,,0.0,,,,,200
Dsmall,500,ridge,0.054455076170577654,0.223843006776403,0.4041536409990179,0.9453551912568307,0.44539823091181463,0.9506682170562906,17,183,200
Dsmall,500,rf_tuned,0.05740320669692778,0.2382646013166175,0.292973816120338,0.9322033898305084,0.424170964483252,0.9183746016180205,23,177,200
Dsmall,500,tnet,-0.01256377440242784,0.21790403754701962,0.34162539963443267,0.9339622641509434,0.425069255899166,1.2837719042496891,94,106,200
Dsmall,500,tarnet,0.027161419037147194,0.2114667255397901,0.29569504109120565,0.935064935064935,0.46426815280674405,1.2106103735531686,46,154,200
Dsmall,500,bk,0.32448895219805685,,,0.0,,,,,200
Dsmall,1000,ridge,0.028712902175585253,0.13448633641374305,0.2478841240650889,0.9587628865979382,0.5138271399019475,0.8642271086038424,6,194,200
Dsmall,1000,rf_tuned,0.03424282170922466,0.14609315399737247,0.1531056976618412,0.9441624365482234,0.49819386021533885,0.8682473313879353,3,197,200
Dsmall,1000,tnet,0.06190237443695196,0.13465677649723123,0.047339972051431534,1.0,0.45157571727083706,1.442466046284508,198,2,200
Dsmall,1000,tarnet,0.020437581145322792,0.0948395925855128,0.09271853210712495,0.95,0.7548607419644747,0.6805390971485776,0,200,200
Dsmall,1000,bk,0.3269935946888539,,,0.0,,,,,200
Dsmall,2000,ridge,0.0454623835103285,0.08667102418803,0.1238920215677034,0.9090909090909091,0.559943529781799,0.8153014534421223,2,198,200
Dsmall,2000,rf_tuned,0.05236614785060073,0.08836264603965874,0.09426781958141418,0.915,0.5567828921328772,0.8262668664374937,0,200,200
Dsmall,2000,tnet,0.038814011314884045,0.08285343391955904,0.07902761081867651,0.895,0.5948305745596815,1.105603090660654,0,200,200
Dsmall,2000,tarnet,0.041342611246057204,0.06074385290512238,0.06412607685594852,0.87,0.809328942186321,0.5883475229429003,0,200,200
Dsmall,2000,bk,0.32481146235150155,,,0.0,,,,,200
Dsmall,5000,ridge,0.036516966053905864,0.05083640553861336,0.07871365144745218,0.845,0.5912268166534843,0.784482722760051,0,200,200
Dsmall,5000,rf_tuned,0.040433941404284135,0.049563230808406813,0.05734162519169279,0.83,0.6195672501192633,0.7800308303915082,0,200,200
Dsmall,5000,tnet,0.040194401380992506,0.043756754236136564,0.0496315789987986,0.82,0.7065391397999778,0.890416011933045,0,200,200
Dsmall,5000,tarnet,0.043743057639624716,0.033928946098799095,0.034920923174106694,0.765,0.9122139088324814,0.4107150073938483,0,200,200
Dsmall,5000,bk,0.3260632624927744,,,0.0,,,,,200
Dsmall,10000,ridge,0.03412044253419466,0.03542733972598834,0.042239408046650044,0.82,0.6041198087868885,0.7733995139871007,0,200,200
Dsmall,10000,rf_tuned,0.0381819897831564,0.03275880486548385,0.03367458233278101,0.755,0.6603782224260946,0.7477452105202221,0,200,200
Dsmall,10000,tnet,0.03973422643100205,0.025143868008538378,0.026594590371061513,0.65,0.8705998814493846,0.5200992905030698,0,200,200
Dsmall,10000,tarnet,0.03993775073556566,0.023449349453124116,0.024708165869371246,0.605,0.934409145497654,0.35722124119117554,0,200,200
Dsmall,10000,bk,0.32514280884625796,,,0.0,,,,,200
Wtau,500,ridge,0.07767443540706331,0.44589419892541976,0.535808976703206,0.9285714285714286,0.3271209836047446,1.2314757210101848,102,98,200
Wtau,500,rf_tuned,0.14821126652550848,0.47060310013666795,0.644300543400673,0.9328358208955224,0.2969981806797932,1.1124307116307421,66,134,200
Wtau,500,tnet,nan,nan,nan,nan,0.28482615148253626,2.0005347600939403,200,0,200
Wtau,500,tarnet,nan,nan,nan,nan,0.32061022203116357,1.76076604633746,200,0,200
Wtau,500,bk,0.3289047342453981,,,0.0,,,,,200
Wtau,1000,ridge,-0.016929257323095886,0.3084699327230003,0.4946203533159288,0.9540229885057471,0.4133736058602597,1.0315325412145566,26,174,200
Wtau,1000,rf_tuned,0.03938608230417501,0.31384207930524777,0.4468916870363795,0.9629629629629629,0.36989233260540816,1.0327134501723902,38,162,200
Wtau,1000,tnet,nan,nan,nan,nan,0.29819757770348854,2.307308268603725,200,0,200
Wtau,1000,tarnet,-0.05454726648562458,0.22194580248031237,0.24990912940757398,0.9795918367346939,0.6135650106739017,0.8555382312974146,4,196,200
Wtau,1000,bk,0.3327288319952222,,,0.0,,,,,200
Wtau,2000,ridge,0.008802884090086838,0.17572109596478455,0.24251703922828147,0.973404255319149,0.4881863979998301,0.910822382702189,12,188,200
Wtau,2000,rf_tuned,0.016003079140673615,0.20235121798531935,0.24052995982434516,0.9578947368421052,0.43186847301861264,0.9691910441309863,10,190,200
Wtau,2000,tnet,nan,nan,nan,nan,0.41000648804225986,1.7751195865267873,200,0,200
Wtau,2000,tarnet,0.004005052926940533,0.125711218054729,0.14481908330601662,0.9545454545454546,0.6761068281225202,0.7414033394075044,2,198,200
Wtau,2000,bk,0.33007872836062,,,0.0,,,,,200
Wtau,5000,ridge,-0.014641711502515975,0.09333139816313873,0.14078674253035556,0.9441624365482234,0.5499813514378493,0.8270526845542898,3,197,200
Wtau,5000,rf_tuned,-0.004708212044034821,0.10888919656699551,0.12541210656198112,0.94,0.4987355476270174,0.9037447834219848,0,200,200
Wtau,5000,tnet,0.12296366645902335,0.11166247830354864,0.0,1.0,0.5027324603514235,1.4559759366254406,199,1,200
Wtau,5000,tarnet,0.0072724874308292,0.06522797617592481,0.06842840501559097,0.945,0.8308099795487237,0.5602312818440663,0,200,200
Wtau,5000,bk,0.33312675969911437,,,0.0,,,,,200
Wtau,10000,ridge,-0.00834458335616478,0.0654350120948736,0.1002035535918834,0.9849246231155779,0.5801595978467007,0.7954267232172072,1,199,200
Wtau,10000,rf_tuned,-0.0030829856557604562,0.0707370588787221,0.07062046430778378,0.965,0.5442363694967898,0.8581845473644825,0,200,200
Wtau,10000,tnet,-0.0074202390924003325,0.05331888193101378,0.05449088556447122,0.945,0.7175787130599934,0.8460651842426787,0,200,200
Wtau,10000,tarnet,-0.0011160979346818423,0.04481791997005848,0.04486467076018225,0.95,0.8569720730112994,0.5175524421649444,0,200,200
Wtau,10000,bk,0.33173131070556694,,,0.0,,,,,200
